Supplementary Table 4. Detailed charateristics of included stuides,,,,,,,,,,,,,,,,,,,,,,
Study ID,PMID,Author name,Year,Study population representativeness,Follow-up (Y/N),Primary exposure of interest (Y/N),Study population by region,Continent,N Total,N AD,AD outcome studied,Stages of AD reported (R/NR),AD diagonosis tool,Sample source,Type of assay reported (R/NR),Number of peripheral immune biomarkers,Age-matched (Y/N),Gender-matched (Y/N),Education-matched (Y/N),Other-matched (Y/N),No matching at all (Y/N),Main analytical methods
1,35079124,Zhang et al.,2022,Regional,Y,Y,UK,Europe,359310,1896,Dementia,NR,"ICD-9, ICD-10, Read codes version 2 (Read V2), and version 3 (Read CTV3)",Plasma and serum,R,8,N,N,N,N,Y,Cox regression
2,35527553,Fohner et al.,2022,Regional,Y,Y,US,North America,1928,272,Dementia,NR,DSM-IV,Blood,R,14,N,N,N,N,Y,Cox regression
3,37584418,Chen et al.,2023,Regional,Y,Y,US,North America,837,64,AD,NR,NINCDS-ADRDA and DSM-IV,Blood,R,15,N,N,N,N,Y,Cox regression
4,20847399,Gu et al.,2010,Regional,Y,N,US,North America,1219,118,AD,NR,NINCDS-ADRDA,Serum,R,1,N,N,N,N,Y,age; gender; education; race
5,36215071,Luo et al.,2022,National,Y,Y,Denmark,Europe,101582,1588,AD,NR,ICD-10,Blood,NR,6,N,N,N,N,Y,Cox regression
6,36083988,Fang et al.,2022,Regional,Y,Y,US,North America,1616,90,AD,NR,NINCDS-ADRDA and DSM-IV,Blood,R,11,N,N,N,N,Y,Cox regression
7,17011077,Ravaglia et al.,2007,Regional,Y,Y,Italy,Europe,804,68,AD,NR,NINCDS-ADRDA,Serum,R,3,N,N,N,Y,N,Cox regression
8,37464278,Zhang et al.,2023,Regional,Y,N,US,North America,3197,281,Dementia,NR,ICD-9,Blood,R,2,N,N,N,N,Y,Cox regression
9,15148142,Engelhart et al.,2004,Regional,Y,Y,Netherland,Europe,825,140,AD,NR,NINCDS-ADRDA,Plasma,R,5,N,N,N,N,Y,Cox regression
10,34563836,Stebbins et al.,2021,Regional,Y,Y,US,North America,1337,112,Dementia,NR,Neuropsychologist or neurologist diagnosis with NINCDS-ADRDA,Blood,R,2,N,N,N,N,Y,Linear mixed effects models
11,26891108,Ritche et al.,2016,Regional,Y,Y,France,Europe,2461,821,AD,NR,DSM-IV,Plasma,R,3,Y,Y,N,Y,N,Wilcoxon test
12,16269641,van Oijen et al.,2005,Regional,Y,Y,Netherlands,Europe,2835,230,AD,NR,NINCDS-ADRDA,Plasma,R,2,N,N,N,Y,N,Cox regression
13,19542629,Sundelöf et al.,2009,Regional,Y,Y,Sweden,Europe,1811,134,AD,NR,NINCDS-ADRDA and DSM-IV,Plasma,R,2,N,N,N,Y,N,Cox regression
14,37467317,Walker et al.,2023,Regional,Y,Y,US,North America,10981,428,Dementia,NR,NIA-AA and DSM-V,Blood,R,1,N,N,N,N,Y,Cox regression
15,26673814,Hendrie et al.,2015,Regional,Y,N,US,North America,965,56,AD,NR,ICD-10 and DSM-IV-TR,Plasma,NR,1,N,N,N,Y,N,T tests for continuous variables and Fisher’s exacT tests for categorical variables w
16,32557792,Thomas et al.,2020,Regional,Y,Y,UK,Europe,21,21,AD,R,NIA-AA and FP-CIT scan,Serum,R,6,N,N,N,N,Y,Linear mixed-effects
17,31450497,Andre et al.,2019,Multi-hospital,Y,Y,France,Europe,636,212,AD,NR,NINCDS-ADRDA,Plasma,R,2,Y,Y,Y,N,N,Conditional logistic regressions
18,34602472,Hao et al.,2021,Single hospital or clinic,N,Y,China,Asia,374,200,AD,R,NIA-AA,Serum,R,6,Y,Y,Y,N,N,T test or one-way ANOVA to analyze the normal distribution data
19,30927918,Willik et al.,2019,Regional,Y,Y,Netherlands,Europe,8313,664,Dementia,NR,NINCDS-ADRDA and DSM-III,Blood,R,3,N,N,N,N,N,Cox regression
20,37302029,Chou et al.,2023,Regional,Y,Y,Hong Kong,Aisa,9760,529,AD,NR,ICD-9,Blood,NR,1,N,N,N,N,Y,Cox regression
21,17536046,Tan et al.,2007,Regional,Y,Y,US,North America,691,44,AD,NR,NINCDS-ADRDA,Serum,R,2,N,N,N,Y,N,Cox regression
22,19245412,Kravitz et al.,2009,Regional,Y,Y,Finland,Europe,227,82,Dementia,NR,DSM-IV,Serum,R,1,N,N,N,N,Y,Cox regression
23,28159467,Hsu et al.,2017,Regional,Y,Y,China,Asia,1436,260,Dementia,NR,ICD-9-CM,NR,NR,1,N,N,N,Y,N,Survival analysis
24,30646251,Tao et al.,2018,Regional,Y,N,US,North America,2614,152,AD,NR,Neuropsychologist or neurologist diagnosis with MMSE,Serum,R,1,N,N,N,N,Y,Cox regression
25,35172860,Fan et al.,2022,Regional,Y,Y,Taiwan,Asia,4113,106,Dementia,NR,ICD-9,Blood,NR,1,N,N,N,N,Y,Cox regression
26,25138786,Chen et al.,2014,Regional,N,Y,China,Asia,106,53,AD,NR,NINCDS-ADRDA,Serum,R,3,Y,Y,N,N,N,Student’s T test; Mann-Whitney U test; Kruskal-Wallis test
27,34237731,Baril et al.,2021,Regional,Y,N,US,North America,259,35,AD,NR,NINCDS-ADRDA,Serum,R,1,N,N,N,Y,N,Cox regression
28,32860698,Baril et al.,2021,Regional,Y,N,US,North America,291,33,AD,NR,NINCDS-ADRDA,Serum,R,1,N,N,N,Y,N,Cox regression
29,24907904,Rembach et al.,2014,Multi-hospital,Y,Y,Australia,Australia,964,205,AD,NR,NINCDS-ADRDA,Plasma and serum,R,1,N,N,N,N,Y,Ordered polynomial logistic regression
30,19933496,O‘Bryant et al.,2010,Multi-hospital,N,Y,US,North America,366,192,AD,NR,NINCDS-ADRDA,Serum,R,1,Y,Y,Y,N,N,T test for continuous variables and Chi-sq test for discrete variables
31,36439057,Farina et al.,2022,National,N,Y,US,North America,5959,197,Dementia,NR,Classification of cognition score,Blood,R,4,N,N,N,N,Y,Multinomial logistic regression
32,32968032,Amin et al.,2020,Regional,N,Y,UK,Europe,62,31,AD,NR,NINCDS-ADRDA,Serum,R,15,N,N,N,N,Y,Pearson Chi-sq; Kruskal-Wallis
33,34365256,Naudé et al.,2021,Multi-hospital,Y,Y,Netherlands,Europe,268,88,AD,NR,NINCDS-ADRDA,Serum,R,1,N,N,N,Y,N,Linear mixed models
34,22801723,Soares et al.,2012,Multi-hospital,Y,Y,US and Canada,North America,166,112,AD,NR,NR,Plasma,R,7,N,N,N,Y,N,"ANCOVA models, including diagnosis, age, sex, and ApoE allelic status, were used to examine the contribu- tions of these variables to differences across diagnostic groups."
35,16814429,Speciale et al.,2007,Multi-hospital,N,Y,Europe,Europe,102,51,AD,R,NINCDS-ADRDA,Plasma,R,5,Y,Y,N,N,N,"Kruskall–Wallis, Mann–Whitney"
36,33016923,Duarte et al.,2020,Multi-hospital,N,Y,US,North America,148,108,AD,NR,NINCDS-ADRDA and Clinical Dementia Rating(CDR) =0.5/1.0,Plasma,R,9,N,N,N,N,Y,Wilcoxon rank sum test; Fisher’s exacT test
37,31414991,Josje et al.,2020,Multi-hospital,N,Y,Norwegian,Europe,242,154,AD,NR,NINCDS-ADRDA,Serum,R,7,N,N,N,N,Y,Mann-Whitney U test.
38,27019866,O‘Bryant et al.,2016,Multi-hospital,N,N,France,Europe,144,79,AD,NR,NINCDS-ADRDA,Plasma and serum,R,21,N,N,N,N,Y,Chi-sq and T tests
39,22801742,Doecke et al.,2012,Multi-hospital,N,Y,Australia,Australia,961,207,AD,NR,NR,Plasma,R,3,N,N,N,N,Y,"generalized linear model, adjusted for age, sex, and APOE genotype."
40,16817867,Rosa et al.,2006,Single hospital or clinic,Y,Y,Italy,Europe,80,40,AD,NR,"NINCDS-ADRDA, DSM-IV and ischemic score of Hachinski et al. ≤4",Plasma,NR,3,Y,Y,Y,Y,N,One-way anova and Student’s T test.
41,21167930,Saresella et al.,2011,Single hospital or clinic,N,Y,Italy,Europe,112,38,AD,R,DSM-IV and NINCDS-ADRDA,Blood,R,7,Y,Y,N,N,N,Kruskal–Wallis
42,35608965,Wang et al.,2022,Regional,N,Y,China,Asia,1589,129,AD,NR,DSM-IV,Blood,R,8,N,N,N,N,Y,Logistic regression
43,34324642,Lewis et al.,2021,National,Y,Y,US,North America,3563,427,Dementia,NR,Self-reported doctor diagnosis,Blood,R,1,N,N,N,N,Y,Multiple level modeling
44,21116047,Eriksson et al.,2011,National,N,Y,Sweden,Europe,276,71,AD,NR,NINCDS-ADRDA,Serum,R,2,N,N,N,Y,N,ANOVA and logistic regression model
45,26599049,Sattlecker et al.,2016,Multi-hospital,Y,Y,Europe,Europe,159,90,AD,R,MMSE,Plasma,R,6,N,N,N,N,Y,Linear mixed-effects
46,16307829,Galimberti et al.,2006,Multi-hospital,N,Y,Italy,Europe,118,94,AD,R,NINCDS-ADRDA,Serum,R,1,Y,N,N,Y,N,Mann–Whitney test
47,31047856,Morgan et al.,2019,Multi-hospital,N,Y,Europe,Europe,521,262,AD,NR,NINCDS-ADRDA,Plasma,R,38,N,N,N,N,Y,"Kruskal-Wallis test, Stepwise logistic regression (SLR), ROC analysis with leave-one-out cross-validation"
48,32289574,Abe et al.,2020,Multi-hospital,N,Y,US and Canada,North America,116,69,AD,NR,"Delayed Paragraph Recall from the Wechsler Memory Scale – Revised; MMSE between 20 and 26; Clinical Dementia Rating = 0.5, 1.0; NINCDS/ADRDA ",Plasma,R,3,N,N,N,N,Y,Student's T test
49,22535710,Honma et al.,2013,Multi-hospital,Y,Y,Japan,Asia,133,40,AD,NR,DSM-III,Plasma,R,2,N,N,N,Y,N,Cox regression
50,22437436,Uslu et al.,2012,Multi-hospital,N,Y,Turkey,Europe & Asia,51,28,AD,NR,NINCDS-ADRDA,Serum,R,3,Y,Y,N,N,N,ANOVA
51,23978419,Yarchoan et al.,2013,Single hospital or clinic,Y,Y,US,North America,320,203,AD,NR,NINCDS-ADRDA,Plasma,R,1,N,N,N,Y,N,Linear mixed-effects
52,12509851,Dekosky et al.,2002,Single hospital or clinic,N,Y,US,North America,472,359,AD,NR,Neurologists and psychiatrists with NINCDS-ADRDA and DSM-III-R,Plasma,R,1,Y,Y,Y,N,N,ANOVA
53,35465006,Lu et al.,2022,Single hospital or clinic,N,Y,China,Asia,66,36,AD,NR,NINCDS-ADRDA,Serum,R,6,Y,Y,Y,N,N,Independent sample T test; liner regression
54,27215446,Hansi et al.,2017,Single hospital or clinic,N,Y,Malaysia,Asia,78,39,AD,NR,NINCDS-ADRDA,Serum,R,10,N,N,N,N,Y,T test and Chi-sq tests
55,22272623,Reale et al.,2012,Single hospital or clinic,N,Y,Italy,Europe,77,38,AD,NR,DSM-IV-TR and NINCDS-ADRDA,Serum,R,5,Y,Y,Y,N,N,Mann-Whitney U test and Pearson Chi-sq test
56,27104907,Cestari et al.,2016,Single hospital or clinic,N,Y,Brazil,South America,46,25,AD,NR,NINCDS-ADRDA,Serum,R,3,Y,Y,Y,Y,N,ANOVA; Non-parametric Chi-sq test
57,22133543,Helmy et al.,2012,Single hospital or clinic,N,Y,Egypt,Asia & Africa,20,10,AD,NR,NINCDS-ADRDA,Plasma,R,2,Y,Y,Y,N,N,T test for quantitative variables or ANOVA
58,33313759,Yeung et al.,2021,National,N,Y,Finland,Europe,455178,71800,AD,NR,NR,NR,R,37,N,N,N,N,Y,"Inverse- variance weighting meta-analysis with multiplicative ran- dom effects of the SNP-specific Wald estimates,"
59,17986101,Rodríguez-Rodríguez et al.,2007,Regional,N,Y,Spain,Europe,818,412,AD,NR,NINCDS-ADRDA,Plasma,R,1,Y,Y,N,N,N,Student T test
60,36384659,Huang et al.,2023,Regional,Y,Y,UK,Europe,6613198,NR,AD,NR,ICD-10,NR,NR,1,N,N,N,N,Y,Cox regression
61,17123665,Desideri et al.,2008,Multi-hospital,N,Y,Italy,Europe,120,80,AD,R,NINCDS-ADRDA and CDR,Plasma,R,1,Y,Y,N,N,N,ANOVA
62,21252539,Mansoori et al.,2010,Multi-hospital,N,Y,India,Asia,187,74,AD,NR,NINCDS-ADRDA,Serum,R,1,Y,Y,N,N,N,Kruskall–Wallis test
63,23762274,Leung et al.,2013,Multi-hospital,N,Y,Europe,Europe,229,117,AD,NR,"Alzheimer’s Disease Assessment Scale – cognitive (ADAS-Cog), Consortium to Establish a Registry for Alzheimer’s Disease (CERAD)",Plasma,R,22,N,N,N,N,Y,Linear regression
64,30993722,King et al.,2019,Multi-hospital,N,Y,UK,Europe,41,21,AD,NR,NIA‐AA,Plasma and serum,R,8,Y,N,N,N,N,ANCOVA with Bonferroni correction
65,30902060,Startin et al.,2019,Multi-hospital,N,Y,Europe,Europe,54,27,AD,NR,NR,Plasma,R,7,Y,Y,N,N,N,ANCOVAs for log-transformed concentrations
66,12210786,Schmidt et al.,2002,Single hospital or clinic,Y,Y,Japan,Asia,931,95,AD,NR,NINCDS-ADRDA,Serum,R,1,N,N,N,N,Y,Logistic regression
67,24635842,Zhang et al.,2014,Single hospital or clinic,N,Y,China,Asia,210,90,AD,R,NINCDS-ADRDA and CDR=1,Plasma,R,4,N,N,N,N,Y,ANOVA
68,3718071,Endo et al.,1986,Single hospital or clinic,N,Y,Japan,Asia,188,122,AD,NR,DSM-III,Plasma,R,16,Y,N,N,N,N,Chi-sq test
69,22279551,Bjorkqivst et al.,2012,Single hospital or clinic,N,Y,US,North America,316,142,AD,NR,DSM-III-R and NINCDS- ADRDA,Plasma,R,9,N,N,N,N,Y,Non-parametric Kruskal-Wallis tests; Mann-Whitney U-tests
70,24910016,Bu et al.,2015,Single hospital or clinic,N,Y,China,Asia,263,128,AD,NR,NINCDS-ADRDA,Serum,R,4,Y,Y,N,N,N,Student’s T test or ANOVA
71,10713585,Mcllroy et al.,2000,Single hospital or clinic,N,Y,UK,Europe,211,106,AD,NR,NINCDS-ADRDA and DSM-IV,Serum,R,1,Y,Y,N,Y,N,T test
72,19638714,Ban et al.,2009,Single hospital or clinic,N,N,Japan,Asia,244,197,AD,NR,"NINCDS-ADRDA, NINDS-AIREN, and brain scan and MRI",Serum,R,2,Y,Y,N,N,N,ANOVA
73,22922667,Kuyumcu et al.,2012,Single hospital or clinic,N,Y,Turkey,Europe & Asia,416,241,AD,NR,DSM-IV and NINCDS-ADRDA,Plasma and serum,R,1,Y,Y,N,N,N,Independent samples T test or Mann-Whitney U test
74,23368432,Bai et al.,2013,Single hospital or clinic,N,Y,China,Asia,116,76,AD,NR,NINCDS-ADRDA,Plasma,R,1,Y,Y,N,N,N,Mann-Whitney U tests
75,31866854,Dong et al.,2019,Single hospital or clinic,N,Y,China,Asia,115,56,AD,NR,NINCDS-ADRDA,Plasma,R,2,Y,Y,N,N,N,ANOVA with Tukey’s post hoc test
76,28421328,Bednarska-Makaruk et al.,2017,Single hospital or clinic,N,N,Poland,Europe,196,89,AD,NR,NINCDS-ADRDA,Serum,R,2,Y,N,N,N,N,Student T test or Oneway Analysis of Variance (ANOVA)
77,30871733,Garfias et al.,2022,Single hospital or clinic,Y,Y,Mexico,North America,35,20,AD,NR,NINCDS-ADRDA,Plasma and serum,R,3,Y,Y,N,N,N,T test (paired samples T test when required) or the Mann-Whitney U test
78,26725994,Miwa et al.,2016,Single hospital or clinic,Y,N,Japan,Asia,774,31,AD,NR,DSM-III-R and established clinical criteria,Serum,R,2,N,N,N,N,Y,Cox regression
79,20930310,Diniz et al.,2010,Single hospital or clinic,Y,Y,Brazil,South America,95,31,AD,NR,NINCDS-ADRDA,Serum,R,3,N,N,N,N,Y,ANOVA
80,10408971,Lombardi et al.,1999,Single hospital or clinic,N,Y,Spain,Europe,90,45,AD,R,NINCDS-ADRDA and DSM-III,Plasma,R,11,Y,N,N,Y,N,"Wilcoxon signed 
rank test"
81,NIP1,Zhang et al.,2003,Single hospital or clinic,N,Y,China,Asia,64,32,AD,R,NINCDS-ADRDA and DSM-IV,Serum,R,4,Y,Y,N,N,N,ANOVA
82,18430978,Oztürk et al.,2007,Single hospital or clinic,N,Y,Turkey,Europe & Asia,52,29,AD,NR,NINCDS-ADRDA,Serum,R,8,Y,N,N,N,N,ANOVA
83,22089638,Llano et al.,2012,Single hospital or clinic,N,Y,US,North America,22,15,AD,NR,NINCDS-ADRDA,Plasma,R,9,Y,N,N,N,N,Mann-Whitney test.
84,15817002,Yamamoto et al.,2005,Single hospital or clinic,N,Y,Japan,Asia,93,61,AD,NR,"NINCDS-ADRDA, NINDS-AIREN, MMSE, Alzheimer’s Disease Assessment Scale, Revised Wechsler Adult Intelligence Scale, and Hachinski Ischemic Score",Serum,R,3,Y,Y,N,N,N,ANOVA and logistic regression model
85,16442186,Ciabattoni et al.,2007,Single hospital or clinic,N,Y,Italy,Europe,88,44,AD,NR,NINCDS-ADRDA,Plasma,R,3,Y,Y,N,N,N,ANOVA
86,31335454,Cipollini et al.,2019,Single hospital or clinic,N,Y,Italy,Europe,52,35,AD,NR,NINCDS-ADRDA,Plasma,R,1,Y,Y,Y,N,N,Mann-Whitney U test
87,33851590,Dubenko et al.,2021,Single hospital or clinic,N,Y,Ukraine,Europe,45,15,AD,NR,NINCDS-ADRDA,Serum,R,2,Y,Y,Y,N,N,Chi-sq test and Kruskal-Wallis test
88,21569380,Kim et al.,2011,Regional,N,Y,Korea,Asia,38,20,AD,NR,NINCDS-ADRDA and DSM-IV,Plasma,R,4,N,N,N,N,Y,ANOVA and Chi-sq tests
89,22596080,Butchart et al.,2013,Regional,N,N,UK,Europe,94,94,AD,NR,NINCDS-ADRDA,Serum,R,1,Y,N,N,N,N,"One-sample T tests, Wilcoxon signed rank test"
90,23254637,O’Bryant et al.,2013,Regional,N,Y,US,North America,380,55,AD,NR,NINCDS-ADRDA,Serum,R,1,N,N,N,Y,N,Linear regression
91,2304653,Van Dujin et al.,1990,Multi-hospital,N,Y,Netherland,Europe,176,97,AD,NR,Slow progressive decline of intellectual function; Clinical dementia rating > 0.5; Short portable mental status questionnaire (SPMSQ) < 20; Hachinski-scale≤7; CT-scan and EEG,Serum,R,1,Y,Y,N,Y,N,ANOVA
92,29352259,Lee et al.,2018,Multi-hospital,N,Y,Taiwan,Asia,430,310,AD,NR,NINCDS-ADRDA,Plasma,R,1,N,N,N,N,Y,ANOVA
93,32998767,Chua et al.,2020,Multi-hospital,N,Y,Singapore,Asia,193,113,AD,NR,NINCDS-ADRDA,Plasma,R,2,N,N,N,N,Y,ANOVA
94,35523454,Weber et al.,2022,Multi-hospital,N,N,US,North America,163,75,AD,NR,NR,Plasma,R,9,N,N,N,N,Y,MannWhitney
95,35842208,Koca et al.,2022,Multi-hospital,N,Y,Turkey,Europe & Asia,50,25,AD,NR,NINCDS-ADRDA,Plasma,R,14,Y,N,N,N,N,Mann-Whitney U and Independent T test.
96,29248892,King et al.,2018,Multi-hospital,N,Y,UK,Europe,40,20,AD,NR,NINCDS-ADRDA,Serum,R,4,N,N,N,N,Y,Shapiro-Wilk test
97,1432847,Dysken et al.,1992,Multi-hospital,N,Y,US,North America,96,55,AD,NR,DMS-III-R and NINCDS-ADRDA,Plasma and serum,R,1,Y,Y,N,N,N,ANOVA
98,18991685,Porcellini et al.,2008,Single hospital or clinic,N,Y,Italy,Europe,972,142,AD,R,NINCDS-ADRDA and DSM-IV-R,Plasma,R,2,N,N,N,N,Y,ANOVA
99,31658056,Boccardi et al.,2019,Single hospital or clinic,N,Y,Italy,Europe,216,129,AD,NR,NINCDS-ADRDA,Plasma,R,23,N,N,N,N,Y,Linear model analysis
100,16600299,Zuliani et al.,2007,Single hospital or clinic,N,Y,Italy,Europe,102,60,AD,NR,NINCDS-ADRDA,Plasma,R,4,N,N,N,N,Y,ANOVA
101,18835787,Ait-ghezal et al.,2008,Single hospital or clinic,N,Y,US,North America,175,73,AD,NR,NINCDS-ADRDA,Plasma,R,2,N,N,N,N,Y,Mann–Whitney U test
102,24576746,Faria et al.,2014,Single hospital or clinic,N,Y,Brazil,South America,106,56,AD,NR,DSM-IV and NINCDS-ADRDA,Plasma,R,2,Y,N,N,N,N,Pearson’s Chi-sq test
103,24318929,Wang et al.,2014,Single hospital or clinic,N,Y,China,Asia,216,94,AD,NR,DSM- IV and NINCDS–ADRDA,Plasma,R,2,N,N,N,N,Y,"Differences between the groups in Aβ40, Aβ42, T-tau, and IL-10 were tested using a one-way repeated analysis of variance, with each group as the between-subject factor. Data of IL-6 and P-tau 181 were analyzed using Mann–Whitney test."
104,26444787,Agostini et al.,2016,Single hospital or clinic,N,Y,Italy,Europe,120,59,AD,NR,NINCDS-ADRDA,Serum,R,1,Y,N,N,N,N,ANOVA
105,26515085,Dukic et al.,2016,Single hospital or clinic,N,Y,Croatia,Europe,120,70,AD,NR,NINCDS-ADRDA,Serum,R,1,N,N,N,N,Y,Kruskall–Wallis test ANOVA one-way analysis
106,28239640,Zhu et al.,2017,Single hospital or clinic,N,Y,Singapore,Asia,175,96,AD,NR,NINCDS-ADRDA,Serum,R,3,N,N,N,N,Y,ANOVA and Dunn’s post hoc
107,18996438,Buchhave et al.,2009,Single hospital or clinic,Y,Y,Sweden,Europe,90,60,AD,NR,NINCDS-ADRDA and DSM-III,Plasma,R,1,N,N,N,Y,N,NR
108,18037502,Bonotis et al.,2008,Single hospital or clinic,N,Y,Greece,Europe,70,49,AD,R,NINCDS-ADRDA,Serum,R,9,Y,N,N,N,N,"Kruskal-Wallis rank test, followed by Mann-Whitney test"
109,18597785,Zuliani et al.,2008,Single hospital or clinic,N,Y,Italy,Europe,90,60,AD,R,NINCDS-ADRDA,Plasma,R,5,N,N,N,N,Y,ANOVA
110,19728317,Higuchi et al.,2009,Single hospital or clinic,N,Y,Japan,Asia,32,16,AD,R,NINCDS-ADRDA,Serum,R,1,Y,Y,N,N,N,ANOVA
111,20634592,Saresella et al.,2010,Single hospital or clinic,N,Y,Italy,Europe,105,25,AD,R,DSM-III and NINCDS-ADRDA,Blood,R,1,Y,Y,N,N,N,Shapiro-Wilk test
112,23207486,Laske et al.,2013,Single hospital or clinic,N,Y,Germany,Europe,164,82,AD,NR,NINCDS-ADRDA and DSM-IV,Serum,R,25,Y,Y,N,N,N,Support vector machines
113,21442044,Rosen et al.,2011,Single hospital or clinic,N,N,Sweden,Europe,44,24,AD,NR,NINCDS-ADRDA and DSM-III,Plasma,R,10,Y,N,N,N,N,Mann–Whitney test
114,26379616,Delaby et al.,2015,Single hospital or clinic,N,Y,France,Europe,29,14,AD,NR,NINCDS-ADRDA,Serum,R,6,N,N,N,N,Y,Logistic regression
115,27229914,Villarreal et al.,2016,Single hospital or clinic,N,Y,Panama,North America,105,28,AD,NR,NINCDS-ADRDA,Serum,R,12,N,N,N,N,Y,ANOVA
116,18930766,Lee et al.,2008,Single hospital or clinic,N,Y,Korea,Asia,29,10,AD,NR,NINCDS-ADRDA,Plasma,R,20,N,N,N,N,Y,"The plasma cytokine levels of NCI, MCI, and AD patients were compared via a uni- variate analysis of variance; of them, CTACK, MIF, MIG, and SCF – all of which showed significant differences among the three groups – were compared using a univariate analysis of covari- ance. Plasma IP-10 and MCP-1 levels were compared using Kruskal Wallis test."
117,31654714,Fraga et al.,2019,Single hospital or clinic,N,Y,Brazil,South America,68,32,AD,NR,NIA-AA,Plasma and serum,R,5,Y,Y,N,Y,N,Mann–Whitney and Kruskal–Wallis with Bonferroni correction tests
118,9572596,Angelis et al.,1998,Single hospital or clinic,N,Y,Australia,Australia,73,41,AD,NR,DSM-IV,Serum,R,4,Y,Y,N,N,N,Two tailed T test
119,32705487,Conti et al.,2021,Single hospital or clinic,N,Y,Italy,Europe,75,30,AD,NR,NINCDS-ADRDA,Serum,R,3,Y,Y,N,N,N,ANOVA followed by Newman-Keuls Multiple Comparison post hoc test
120,32790155,Gu et al.,2020,Single hospital or clinic,N,Y,China,Asia,46,31,AD,NR,"IWG-2 AD criteria; Clinical Dementia Rating (CDR) score = 0.5–2, Mini-Mental State Examination (MMSE) score< 27",Plasma,R,4,Y,Y,N,N,N,Chi-sq tests
121,NIP4,Hamdan et al.,2014,Single hospital or clinic,N,Y,Iraq,Aisa,88,30,AD,NR,NINCDS-ADRDA,Serum,R,3,Y,Y,N,Y,N,ANOVA
122,19767111,Kamer et al.,2009,Single hospital or clinic,N,Y,US,North America,34,18,AD,NR,NINCDS-ADRDA and DSM-IV,Plasma,R,3,N,N,N,Y,N,Student T test and Mann–Whitney U test
123,26675645,Wu et al.,2015,Single hospital or clinic,N,Y,China,Asia,81,41,AD,NR,NINCDS-ADRDA,Plasma,R,3,N,N,N,N,Y,Student T test
124,15707465,Gupta et al.,2005,Single hospital or clinic,N,Y,UK,Europe,69,18,AD,NR,NINCDS-ADRDA and CT brain scan,Serum,R,2,Y,Y,N,N,N,ANOVA
125,12928051,Licastro et al.,2003,Multi-hospital,N,Y,Italy,Europe,725,332,AD,NR,"NINCDS-ADRDA, DSM-IV and CERAD",Plasma,R,1,Y,N,N,N,N,ANOVA
126,33577998,Fenoglio et al.,2004,Multi-hospital,N,Y,Italy,Europe,472,269,AD,NR,NINCDS-ADRDA,Serum,R,1,Y,N,N,N,N,Mann–Whitney test
127,35139899,Hou et al.,2022,Multi-hospital,N,Y,US,North America,364,196,AD,NR,NR,Plasma and serum,NR,2,N,N,N,N,Y,Chi-sq analysis and non-parametric analysis
128,23023094,Llano et al.,2013,Multi-hospital,N,N,US,North America,167,109,AD,NR,NINCDS-ADRDA,Plasma,R,3,N,N,N,N,Y,ANOVA
129,32630059,Scott et al.,2020,Multi-hospital,N,Y,US ,North America,104,32,AD,NR,"Delayed Word Recall Test, the Digit Symbol Subtest of the Wechsler Adult Intelligence Scale-Revised (WAIS-R) test and the Controlled Oral Word Association (or Word Fluency) Test and MRI",Serum,R,5,Y,Y,N,N,N,models
130,12505423,De luigi et al.,2002,Single hospital or clinic,N,Y,Switzerland,Europe,105,58,AD,R,NINCDS-ADRDA,Plasma,R,4,Y,N,N,N,N,nonparametric Mann- Whitney test
131,18283248,Baranowska-Bik et al.,2008,Single hospital or clinic,N,Y,Poland,Europe,124,57,AD,R,NINCDS-ADRDA,Plasma,R,3,N,N,N,N,Y,ANOVA
132,7728215,Altstiel et al.,1995,Single hospital or clinic,N,Y,US,North America,125,77,AD,NR,NINCDS-ADRDA,Serum,R,1,Y,N,N,N,N,2-tailed T tests
133,16569464,Alvarez et al.,2007,Single hospital or clinic,N,Y,Spain,Europe,171,141,AD,R,NINCDS-ADRDA and DSM-IV,Serum,R,1,Y,N,N,N,N,ANCOVA
134,24916542,Edwards et al.,2014,Single hospital or clinic,N,N,US,North America,266,129,AD,R,NINCDS-ADRDA,Serum,NR,2,N,N,N,N,Y,Logistic Regressions
135,26170132,Schmitz et al.,2015,Single hospital or clinic,N,Y,Germany,Europe,180,52,AD,NR,McKhann criteria,Serum,R,8,N,N,N,N,N,ANOVA
136,36882933,Zorkina et al.,2023,Single hospital or clinic,N,Y,Russia,Europe,290,73,Dementia,NR,ICD-10,Serum,R,16,Y,N,N,N,N,Kruskal–Wallis
137,10674995,Licastro et al.,2000,Single hospital or clinic,N,Y,Italy,Europe,196,145,AD,NR,DMS III-R and NINCDS-ADRDA,Plasma,R,5,N,N,N,N,Y,two tailed Student’s T test
138,23008797,Balldin et al.,2012,Single hospital or clinic,N,N,US,North America,320,124,AD,NR,NINCDS-ADRDA,Serum,R,5,N,N,N,N,Y,T tests
139,28461186,Fan et al.,2017,Single hospital or clinic,N,Y,China,Asia,375,185,AD,NR,NINCDS-ADRDA,Plasma,R,3,N,N,N,N,Y,"Logistic 
regression"
140,21463871,Choi et al.,2011,Single hospital or clinic,N,Y,Korea,Asia,100,62,AD,NR,NINCDS-ADRDA and DSM-IV,Plasma,R,1,N,N,N,N,Y,ANOVA
141,17761554,Nielsen et al.,2007,Single hospital or clinic,N,N,Sweden,Europe,295,258,AD,NR,NINCDS-ADRDA,Plasma and serum,R,1,Y,N,N,N,N,Mann–Whitney test
142,32678011,Liang et al.,2020,Single hospital or clinic,N,Y,Taiwan,Asia,102,76,AD,NR,"MMSE, Clinical Dementia Rating (CDR), Hopkins Verbal Learning Test (HVLT), and Hachinski Ischemia Scale (HIS) and HIA-AA",Plasma,R,1,N,N,N,N,Y,"Categorical variables were analyzed using Pearson’s chi- square test, and continuous variables were analyzed using Student’s T test or the Mann-Whitney test."
143,19395124,Marksteiner et al.,2011,Single hospital or clinic,N,N,Austria,Europe,115,96,AD,NR,NR,Plasma,R,8,N,N,N,N,Y,ANOVA
144,29039020,Magalhães et al.,2018,Single hospital or clinic,N,Y,US,North America,75,33,AD,R,NIA-AA and Clinical Dementia Rating (CDR) score=0.5 or 1,Serum,R,4,N,N,N,N,Y,Chi-sq test
145,7768042,Shalit et al.,1995,Single hospital or clinic,N,N,Israel,Asia,38,25,AD,R,NINCDS-ADRDA,Plasma,R,3,Y,N,N,N,N,Wilcoxon test
146,17949824,Motta et al.,2007,Single hospital or clinic,N,Y,Italy,Europe,71,51,AD,R,NINCDS-ADRDA and DSM-IV,Plasma,R,4,Y,N,N,N,N,ANOVA
147,17934323,Guerreiro et al. ,2007,Single hospital or clinic,N,Y,Portugal,Europe,60,35,AD,R,NINCDS-ADRDA and DSM-IV,Serum,R,4,Y,N,N,N,N,ANOVA
148,9325475,Kálmán et al.,1997,Single hospital or clinic,N,Y,Scotland,Europe,65,41,AD,R,NINCDS-ADRDA and DSM-III-R,Serum,R,1,Y,Y,N,N,N,Wilcoxon test
149,35342094,Zhang et al.,2022,Single hospital or clinic,N,Y,China,Asia,738,NR,AD,R,NIA-AA,Plasma and serum,R,2,N,N,N,N,Y,ANCOVA
150,1770834,Cacabelos et al.,1991,Single hospital or clinic,N,Y,Spain,Europe,24,16,AD,R,DSM-III-R and NINCDS-ADRDA,Serum,R,2,N,N,N,N,Y,"ANOVA, Mann-Whitney test"
151,8971699,Alvare et al.,1996,Single hospital or clinic,N,Y,Spain,Europe,40,20,AD,R,NINCDS-ADRDA and DSM-IV,Plasma and serum,R,2,Y,N,N,N,N,"Mann-Whitney U test, ANOVA"
152,21239851,Smith et al.,2011,Single hospital or clinic,N,N,UK,Europe,68,34,AD,R,NINCDS-ADRDA,Plasma,R,2,N,N,N,N,Y,"Student 
T tests"
153,22539447,Parker et al.,2013,Single hospital or clinic,N,Y,US,North America,64,34,AD,R,NINCDS-ADRDA,Plasma,R,1,N,N,N,N,Y,Linear regression
154,19996595,Forlenza et al.,2009,Single hospital or clinic,N,Y,Brazil,South America,89,58,AD,R,NINCDS-ADRDA,Serum,R,1,N,N,N,N,Y,ANOVA
155,24804776,Westman et al.,2014,Single hospital or clinic,N,Y,Sweden,Europe,65,30,AD,NR,NINCDS-ADRDA and DSM-IV ,Plasma,R,9,Y,Y,N,N,N,non-parametric Mann-Whitney U-test
156,16516234,Richartz-Salzburger et al.,2007,Single hospital or clinic,N,Y,Germany,Europe,77,43,AD,NR,NINCDS-ADRDA,Plasma,R,9,Y,N,N,N,N,Regression
157,19513308,Choi et al.,2008,Single hospital or clinic,N,Y,Korea,Asia,24,11,AD,NR,NINCDS-ADRDA,Serum,R,16,N,N,N,N,Y,ANOVA with Tukey’s honest signi- ficant-difference post-hoc test
158,21484243,Corsi et al.,2011,Single hospital or clinic,N,N,Italy,Europe,76,70,AD,NR,NINCDS-ADRDA and DSM-III,Plasma,R,11,N,N,N,N,Y,Mann–Whitney and Kruskall–Wallis tests
159,32505187,Saresella at al.,2020,Single hospital or clinic,N,Y,Italy,Europe,60,30,AD,NR,NINCDS-ADRDA,Serum,R,5,Y,Y,N,N,N,Kruskal-Wallis ANOVA; 2-tailed Mann-Whitney U test
160,33810505,Chiurchiù et al.,2021,Single hospital or clinic,N,Y,Italy,Europe,30,15,AD,NR,Dubois et al. criteria 2010,Plasma,R,4,Y,Y,N,N,N,"non-parametrical Mann–Whitney U test, one-way ANOVA followed by the Tukey test."
161,8556481,Chao et al.,1994,Single hospital or clinic,N,Y,US,North America,44,22,AD,NR,NINCDS-ADRDA,Serum,R,3,N,N,N,N,Y,paired Student's T test
162,10195318,Song et al.,1999,Single hospital or clinic,N,Y,Belgium,Europe,47,15,AD,NR,DSM-IV,Plasma,R,3,Y,N,N,N,N,ANOVA and ANCOVA
163,12928047,Teunissen et al.,2003,Single hospital or clinic,N,Y,Netherlands,Europe,95,34,AD,NR,"NINCDS-ADRDA, DSM-Iv and UK PD Society Brain Bank Clinical Diagnostic Criteria",Serum,R,3,N,N,N,N,Y,Logistic regression
164,24155977,Westman et al.,2013,Single hospital or clinic,N,Y,Sweden,Europe,110,60,AD,NR,NINCDS-ADRDA and DSM-IV,Plasma and serum,R,5,Y,N,N,N,N,Mann–Whitney U test
165,26738345,Kizilarslanoğlu et al.,2015,Single hospital or clinic,N,Y,Turkey,Europe & Asia,70,32,AD,NR,NINCDS-ADRDA and DSM-IV,Serum,R,3,N,N,N,N,Y,Mann–Whitney U test
166,26337250,Bozluolcay et al.,2016,Single hospital or clinic,N,N,Turkey,Europe & Asia,55,30,AD,NR,NINCDS-ADRDA,Serum,R,4,Y,N,N,N,N,"non-parametric Kruskal–Wallis test
Mann–Whitney test"
167,29420357,Nikolaos et al.,2018,Single hospital or clinic,N,N,Athen,Europe,84,61,AD,NR,NINCDS-ADRDA,Serum,R,4,N,N,N,N,Y,nonparametric Kruskal–Wallis (KW) test; Dunn's correction for type I error; Mann–Whitney U test
168,26828804,Savas at al.,2016,Single hospital or clinic,N,Y,Turkey,Europe & Asia,97,59,AD,NR,NINCDS-ADRDA,Plasma,R,3,N,N,N,N,Y,"For continuous variables, the differences between the AD and control groups were assessed using the Mann–Whitney test."
169,23874844,Maftei et al.,2013,Single hospital or clinic,N,N,Germany,Europe,87,45,AD,NR,NINCDS-ADRDA and DSM-IV,Serum,R,1,Y,Y,N,N,N,Welch’s two-sample T tests and receiver-operating characteristic (ROC) curve analysis
170,26706786,Yu et al.,2016,Single hospital or clinic,N,Y,China,Asia,90,50,AD,NR,NINCDS-ADRDA and DSM-IV,Serum,R,2,Y,Y,N,N,N,independent Student's T test
171,16961066,Malaguarrnera et al.,2006,Single hospital or clinic,N,Y,Italy,Europe,70,40,AD,NR,"DSM-IV-R, NINCDS-ADRDA, and Hachinski’s ischemic score ≤ 4 ",Plasma,R,2,Y,N,Y,Y,N,ANOVA and Student’s T test
172,29915582,Oberstein et al.,2018,Single hospital or clinic,N,Y,Germany,Europe,54,14,AD,NR,German version of Consortium to Establish a Registry for AD (CERAD) clinical assessment battery,Blood,R,2,Y,Y,N,N,N,"ANOVA, the Mann–Whitney U test or Kruskal–Wallis test followed by Dunn’s multiple comparison test"
173,36349985,Huang et al.,2023,Regional,N,Y,Australia,Australia,418,221,AD,NR,DSM-IV and ICD-10,Blood,NR,4,N,N,N,N,Y,Logistic regression and receiver operating characteristic (ROC) analyses
174,10462168,Bruunsgaard et al.,1999,Single hospital or clinic,N,Y,Denmark,Europe,207,71,AD,R,"ICD-10, CDR and IADL",Plasma,R,1,N,N,N,N,Y,ANOVA
175,21466745,Laske et al.,2011,Single hospital or clinic,N,N,Germany,Europe,230,130,AD,NR,NINCDS-ADRDA,Serum,R,1,N,N,N,N,Y,Best-performing radial basis function (RBF) kernel-based SVM
176,23948885,Gezen-Ak et al.,2013,Single hospital or clinic,N,Y,Turkey ,Europe & Asia,126,76,AD,NR,DSM-IV,Serum,R,2,Y,N,N,N,N,ANOVA
177,26004156,Dursun et al.,2015,Single hospital or clinic,N,Y,Turkey,Europe & Asia,127,74,AD,NR,MMSE,Serum,R,1,Y,N,N,N,N,Multiple regression analysis
178,8532107,Lieberman et al.,1995,Single hospital or clinic,N,Y,US,North America,143,57,AD,NR,DSM-III,Serum,R,1,N,N,N,N,Y,ANOVA
179,11378247,Scacchi et al.,2001,Single hospital or clinic,N,Y,Italy,Europe,241,85,AD,NR,NINCDS-ADRDA,Plasma,R,1,N,N,N,N,Y,Nephelometric assay
180,12059070,Scacchi et al.,2002,Single hospital or clinic,N,Y,Italy,Europe,250,93,AD,NR,NINCDS-ADRDA,Plasma,R,1,Y,N,N,N,N,Parametric (ANOVA) and non- parametric (Kruskall-Wallis) tests were performed to compare the α2M mean plasma levels associated with the different α2M and APOE genotypic classes.
181,18378357,Schuitemaker et al.,2009,Single hospital or clinic,N,Y,Netherlands,Europe,212,145,AD,NR,NINCDS-ADRDA,Serum,R,2,N,N,N,N,Y,ANCOVA
182,34331157,Kara et al.,2022,Single hospital or clinic,N,Y,Turkey,Europe & Asia,255,94,AD,NR,DSM-IV,Blood,NR,1,Y,Y,N,N,N,ANCOVA
183,35922871,Prins et al.,2022,Single hospital or clinic,N,Y,Netherlands,Europe,100,50,AD,NR,NR,Plasma,R,3,N,N,N,N,Y,ANCOVA
184,23871825,Gubandru et al.,2013,Single hospital or clinic,Y,Y,Romania,Europe,31,21,AD,NR,NR,Serum,R,2,N,N,N,Y,N,Kolmogorov–Smirnov test followed by Mann–Whitney
185,12928049,Sala et al.,2003,Single hospital or clinic,N,Y,Italy,Europe,48,32,AD,R,NINCDS-ADRDA and DSM-IV,Plasma,R,3,Y,N,N,N,N,ANOVA
186,18937113,Angelopoulos et al.,2008,Single hospital or clinic,N,Y,Greece,Europe,87,56,AD,R,NINCDS-ADRDA,Blood,R,5,N,N,N,N,Y,"Mann-Whitney test, the Kruskal-Wallis test, and the Spearman’s Rank Correlation Coefficient"
187,8939278,Licastro et al.,1996,Single hospital or clinic,N,Y,Italy,Europe,21,11,AD,R,NINCDS-ADRDA and DSM-III-R,Serum,R,1,N,N,N,N,Y,student's T test
188,27802234,Crispoltoni et al.,2017,Single hospital or clinic,N,Y,Italy,Europe,49,36,AD,R,NINCDS-ADRDA,Plasma,R,1,Y,N,N,Y,N,ANOVA and student T test
189,NIP2,Monte et al.,2017,Single hospital or clinic,N,Y,US,North America,39,10,AD,NR,NINCDS-ADRDA,Serum,R,14,N,N,N,N,N,ANOVA
190,35950445,Galgani et al.,2022,Single hospital or clinic,N,Y,Italy,Europe,133,28,AD,NR,NIA-AA,Blood,R,7,Y,N,N,N,N,ANOVA
191,9447570,Singh et al.,1997,Single hospital or clinic,N,Y,US,North America,39,22,AD,NR,NINCDS-ADRDA,Plasma,R,4,Y,Y,N,N,N,Student T test
192,22303443,Westin et al.,2012,Single hospital or clinic,N,Y,Sweden,Europe,72,42,AD,NR,NINCDS-ADRDA and DSM-III-R,Plasma,R,4,N,N,N,N,Y,Mann-Whitney U-test
193,27671345,Hesse et al.,2016,Single hospital or clinic,N,Y,Germany,Europe,60,36,AD,NR,NINCDS-ADRDA and DSM-IV-TR,Serum,R,3,Y,N,N,N,N,Mann-Whitney rank sum test
194,1950471,Araga et al.,1991,Single hospital or clinic,N,Y,Japan,Asia,87,50,AD,NR,DSM-III-R,Serum,R,3,Y,N,N,N,N,Mann–Whitney
195,7487688,Hu et al.,1995,Single hospital or clinic,N,Y,Australia,Australia,43,20,AD,NR,DSM-III,Plasma,R,4,N,N,N,N,Y,ANOVA
196,15992563,Richartz et al.,2005,Single hospital or clinic,N,Y,Germany,Europe,52,27,AD,NR,NINCDS-ADRDA,Plasma,R,4,N,N,N,N,Y,Wilcoxon rank sum test and Chi-sq test
197,15677865,Richartz et al.,2005,Single hospital or clinic,N,Y,Germany,Europe,50,27,AD,NR,NINCDS-ADRDA,Plasma,R,4,Y,N,N,N,N,Wilcoxon rank sum test and Chi-sq test
198,16688597,Rota et al.,2006,Single hospital or clinic,N,Y,Italy,Europe,55,30,AD,NR,NINCDS-ADRDA and DSM-IV,Serum,R,4,Y,N,N,N,N,Nonparametric tests
199,18690833,Kassner et al.,2008,Single hospital or clinic,N,Y,Germany,Europe,10,5,AD,NR,NINCDS-ADRDA,Plasma,R,5,Y,N,N,N,N,Mann Whitney U or by the unpaired Student’s T test
200,23585364,Richardson et al.,2013,Single hospital or clinic,N,Y,UK,Europe,101,66,AD,NR,NINCDS-ADRDA,Serum,R,3,N,N,N,N,Y,Kruskal–Wallistests
201,23515357,Biella et al.,2013,Single hospital or clinic,N,N,Italy,Europe,56,33,AD,NR,NINCDS-ADRDA,Serum,R,5,N,N,N,N,Y,ANOVA
202,35708851,Sochocka et al.,2022,Single hospital or clinic,N,Y,Poland,Europe,39,22,AD,NR,DSM-V and NINCDS-ADRDA,Plasma and serum,R,4,Y,N,N,N,N,t-studenT test
203,1927262,Esumi et al.,1991,Single hospital or clinic,N,Y,Japan,Asia,32,22,AD,NR,DSM-III,Serum,R,1,Y,Y,N,N,N,Wilcoxon's rank sum test
204,12218645,Borroni et al.,2002,Single hospital or clinic,N,Y,Italy,Europe,60,30,AD,NR,NINCDS-ADRDA and CDR<1,Plasma,R,1,Y,Y,N,N,N,Kruskal-Wallis test
205,32649324,Tramutola et al.,2018,Single hospital or clinic,N,Y,Italy,Europe,38,19,AD,NR,NINCDS-ADRDA,Serum,R,1,Y,Y,N,N,N,Student's T test
206,31217537,Ciccocioppo et al.,2019,Single hospital or clinic,N,Y,Italy,Europe,18,10,AD,NR,NINCDS-ADRDA,Plasma,R,1,Y,Y,N,N,N,Mann-Whitney U test
207,2690117,Matsubara et al.,1989,Single hospital or clinic,N,Y,Japan,Asia,97,20,AD,NR,NINCDS-ADRDA,Serum,R,1,N,N,N,N,Y,"Student’s T tests, Cochran-cox test"
208,2147546,Matsubara et al.,1990,Single hospital or clinic,N,Y,Japan,Asia,127,38,AD,NR,NINCDS-ADRDA,Serum,R,1,N,N,N,N,Y,Student’s T test and/or the Cochran-Cox test.
209,1564514,Pirttila et al.,1992,Single hospital or clinic,N,Y,Finland,Europe,68,33,AD,NR,NINCDS-ADRDA,Plasma and serum,R,1,Y,N,N,N,N,ANOVA
210,9194954,Hamepl et al.,1997,Single hospital or clinic,N,N,Germany,Europe,62,51,AD,NR,NINCDS-ADRDA and DSM-III-R,Serum,R,1,N,N,N,N,Y,ANOVA
211,9825023,Bonaccorso et al.,1998,Single hospital or clinic,N,Y,US,North America,30,15,AD,NR,DSM-III-R,Serum,R,2,Y,N,N,N,N,ANOVAs
212,17827418,Rentzos et al.,2007,Single hospital or clinic,N,Y,Greece,Europe,35,15,AD,NR,NINCDS-ADRDA and NINDS-AIREN,Serum,R,1,N,N,N,N,Y,ANOVA
213,19809863,Lepara et al.,2009,Single hospital or clinic,N,Y,Bosnia and Herzegovina,Europe,60,30,AD,NR,NINCDS-ADRDA,Serum,R,1,Y,N,N,N,N,Student T tests or Mann– Whitney test
214,23230229,Huang et al.,2013,Single hospital or clinic,N,Y,China,Asia,47,28,AD,NR,DSM-IV,Plasma and serum,R,2,N,N,N,N,Y,Nonpaired T tests and Mann-Whitney tests
215,29369398,Dong et al.,2018,Single hospital or clinic,N,Y,US,North America,64,42,AD,R,"Progressive episodic memory impairment, characterized by low free recall not normalized by semantic cueing; absence of extrapyramidal signs; a cerebrospinal fluid (CSF) profile of AD, when available, defined as a score <0.8, calculated with the formula amyloid-b42/[240 1 (1.18 3 T-tau)]; CDR<0.5",Serum,R,2,Y,N,N,N,N,ANOVA
216,23242124,Alsadany et al.,2013,Single hospital or clinic,N,Y,Egypt,Asia & Africa,50,25,AD,NR,NINCDS-ADRDA and DSM-IV,Plasma,R,1,N,N,N,N,Y,Student T test or Mann-Whitney test
217,23201485,Salani et al.,2013,Single hospital or clinic,N,Y,Italy,Europe,38,13,AD,NR,NINCDS-ADRDA,Serum,R,2,N,N,N,N,Y,Mann–Whitney U test
218,24333505,Marksteiner et al.,2014,Single hospital or clinic,N,Y,Austria,Europe,56,33,AD,NR,NINCDS-ADRDA,Plasma,R,1,N,N,N,N,Y,ANOVA
219,28130814,Kim et al.,2017,Single hospital or clinic,N,Y,Korea,Asia,63,35,AD,NR,NINCDS-ADRDA,Plasma,R,2,N,N,N,N,Y,ANOVA and Chi-sq tests
220,21875409,Hochstress et al.,2012,Single hospital or clinic,N,Y,Austria,Europe,60,34,AD,NR,NINCDS-ADRDA,NR,R,7,N,N,N,N,Y,ANOVA
221,6982128,Macdonald et al.,1982,Single hospital or clinic,N,Y,UK,Europe,82,41,AD,NR,NR,Plasma,R,4,Y,N,N,N,N,ANOVA
222,25277040,Lueg et al.,2015,Single hospital or clinic,N,Y,Germany,Europe,60,46,AD,NR,NR,Plasma,R,1,N,N,N,N,Y,ANOVA and Chi-sq tests
223,11992567,Shibata et al.,2002,Multi-hospital,N,Y,Japan,Asia,41,15,AD,NR,NINCDS-ADRDA,Plasma,R,1,N,N,N,N,Y,Mann-Whitney’s U test
224,18841009,Nilsson et al.,2008,Single hospital or clinic,N,Y,Sweden,Europe,428,80,AD,NR,NINCDS-ADRDA,Serum,R,1,N,N,N,N,Y,Mann-Whitney U test
225,36613538,Giacconi et al.,2022,Single hospital or clinic,N,y,Italy,Europe,282,95,AD,NR,NINCDS-ADRDA and DSM-IV,Blood,R,1,N,N,N,N,Y,ANCOVA
226,37250565,Evlice et al.,2023,Single hospital or clinic,N,Y,Turkey,Europe & Asia,160,132,AD,NR,NINCDS-ADRDA and CDR,Blood,R,1,Y,N,N,N,N,Mann Whitney
227,26283879,Song et al.,2015,Single hospital or clinic,N,Y,Korea,Asia,851,532,AD,NR,NINCDS-ADRDA,Serum,NR,1,N,N,N,N,Y,ANOVA
228,3487743,Small et al.,1986,Single hospital or clinic,N,Y,US,North America,51,26,AD,R,DSM-III,Plasma and serum,R,1,N,N,N,N,Y,one-tailed Fisher ExacT test
229,9405000,Kira et al.,1997,Single hospital or clinic,N,Y,Japan,Asia,149,13,AD,R,NINCDS-ADRDA and DSM-III-R,Serum,R,1,N,N,N,N,Y,NR
230,15843049,Lindberg et al.,2005,Single hospital or clinic,N,Y,Sweden,Europe,23,12,AD,R,NINCDS-ADRDA and DSM-IV,Serum,R,2,N,N,N,N,Y,"Kruskall–Wallis, Mann–Whitney"
231,25408215,Bulati et al.,2015,Single hospital or clinic,N,Y,US,North America,50,35,AD,R,NINCDS-ADRDA,Plasma,R,1,Y,N,N,N,N,Mann–Whitney nonparametric U test
232,19494434,Larbi et al.,2009,Single hospital or clinic,N,Y,Canada,North America,18,12,AD,R,NINCDS-ADRDA and DSM-IV,NR,R,2,Y,N,N,N,N,ANOVA or Student’s T test
233,2452738,Giometto et al.,1988,Single hospital or clinic,N,Y,Italy ,Europe,38,20,AD,NR,NINCDS-ADRDA,Serum,R,4,Y,N,N,N,N,Student’s T tests
234,30071285,Kilic et al.,2018,Single hospital or clinic,N,Y,Turkey,Europe & Asia,129,49,AD,NR,NINCDS-ADRDA,Plasma and serum,R,3,N,N,N,N,Y,one-way ANOVA; Tukey's High Significant Difference (HSD) test
235,14665714,Armanini et al.,2000,Single hospital or clinic,N,N,Italy,Europe,46,23,AD,NR,DSM-IV,Plasma,R,3,Y,N,N,N,N,Mann Whitney
236,17124644,Schindowski et al.,2006,Single hospital or clinic,N,Y,Germany,Europe,47,21,AD,NR,NINCDS-ADRDA,Blood,R,3,Y,N,N,N,N,Student’s T test
237,32441872,D'Angelo et al.,2020,Single hospital or clinic,N,Y,Italy,Europe,40,11,AD,NR,NINCDS-ADRDA,Blood,R,3,Y,N,N,N,N,Generalized linear models
238,36437994,Wang et al.,2022,Single hospital or clinic,N,Y,China,Asia,60,30,AD,NR,IWG-2,Blood,R,4,N,N,N,N,Y,ANOVA
239,18992723,Yang et al.,2009,Single hospital or clinic,N,Y,China,Asia,233,112,AD,NR,NINCDS-ADRDA and DSM-III,Serum,R,1,Y,Y,N,N,N,Logistic regression analysis
240,11236825,Licastro et al.,2001,Single hospital or clinic,N,Y,Italy,Europe,22,11,AD,NR,NINCDS-ADRDA and DSM-III,Plasma,R,2,N,N,N,N,Y,ANOVA
241,17917159,Zaciragic et al.,2007,Single hospital or clinic,N,Y,Bosnia and Herzegovina,Europe,30,15,AD,NR,NINCDS-ADRDA,Plasma and serum,R,1,Y,N,N,N,N,Mann-Whitney U Tests
242,21633502,Bigalke et al.,2011,Single hospital or clinic,N,Y,Germany,Europe,78,41,AD,NR,NINCDS-ADRDA and DSM-IV,Plasma,R,1,N,N,N,N,Y,Mann-Whitney U-test
243,21729423,Rasmuson et al.,2011,Single hospital or clinic,N,Y,Sweden,Europe,30,15,AD,NR,NINCDS-ADRDA,Serum,R,1,N,N,N,N,Y,Linear regression model
244,17388976,Galimbert et al.,2007,Single hospital or clinic,N,Y,Italy,Europe,77,48,AD,NR,NINCDS-ADRDA,Serum,R,1,Y,N,N,Y,N,Mann–Whitney test
245,1683096,Ikeda et al.,1991,Single hospital or clinic,N,Y,Japan,Asia,26,13,AD,NR,NINCDS-ADRDA and DSM-III-R,Plasma,R,2,N,Y,N,N,N,Mann–Whitney
246,7936055,Pirttila et al.,1994,Single hospital or clinic,N,Y,Finland,Europe,82,40,AD,NR,NINCDS-ADRDA,Serum,R,2,Y,N,N,N,N,Kruskall-Wallis one-way ANOVA
247,11268360,Solerte et al.,2000,Single hospital or clinic,N,Y,Italy,Europe,37,22,AD,NR,NINCDS-ADRDA and DMS III-R,Serum,R,2,N,N,N,N,Y,ANOVA
248,11240564,Tarkowski et al.,2001,Single hospital or clinic,N,Y,Sweden,Europe,35,20,AD,NR,NINCDS-ADRDA,Serum,R,2,N,N,N,N,Y,Student's test
249,11589916,De Luigi et al.,2001,Single hospital or clinic,N,Y,Switzerland,Europe,87,44,AD,NR,NINCDS-ADRDA,Plasma,R,1,Y,N,N,N,N,Student's test
250,11893840,Richartz et al.,2002,Single hospital or clinic,N,Y,Germany,Europe,36,19,AD,NR,NINCDS-ADRDA,Serum,R,1,Y,N,N,N,N,Wilcoxon rank sum test and ̄2 test
251,12664314,Bagli et al.,2003,Single hospital or clinic,N,Y,Germany,Europe,83,58,AD,NR,NINCDS-ADRDA,Plasma,R,2,Y,N,N,N,N,Student's test
252,14512725,Dziedzic et al.,2003,Single hospital or clinic,N,Y,Poland,Europe,30,18,AD,NR,NINCDS-ADRDA,Plasma,R,1,N,N,N,N,Y,Mann–Whitney
253,15533994,Rezento et al.,2004,Single hospital or clinic,N,Y,Greece,Europe,40,25,AD,NR,NINCDS-ADRDA,Serum,R,1,N,N,N,N,Y,Mann-Whitney U test
254,16783499,Yasutake et al.,2006,Single hospital or clinic,N,Y,Japan,Asia,93,60,AD,NR,NINCDS-ADRDA,Serum,R,2,N,N,N,N,Y,ANOVA;Student’s T test
255,19766699,Davis et al.,2009,Single hospital or clinic,N,Y,Trinidad and Tobago,South America,69,18,AD,NR,NINCDS-ADRDA and DSM-IV-TR,Serum,R,1,Y,N,N,N,N,NR
256,20167378,Geppert et al.,2010,Single hospital or clinic,N,Y,Poland,Europe,41,22,AD,NR,DSM-III-R and NINCDS-ADRDA,Plasma,R,1,Y,N,N,N,N,U Mann–Whitney tests.
257,22264991,Chen et al.,2012,Single hospital or clinic,N,Y,China,Asia,65,43,AD,NR,NINCDS-ADRDA,Serum,R,1,Y,N,Y,N,N,"ANOVA test, post hoc Least significanT test, Kruskal–Wallis test, Mann–Whitney U test and Chi-sq test"
258,23380586,Zhang et al.,2013,Single hospital or clinic,N,Y,US,North America,72,41,AD,NR,NINCDS-ADRDA,Plasma,R,1,Y,N,N,N,N,Linear regression
259,23576854,Sun et al.,2013,Single hospital or clinic,N,Y,China,Asia,55,35,AD,NR,NINCDS-ADRDA and DSM-IV,Serum,R,1,N,N,N,N,Y,"Student’s T test, paired T test, analysis of variance (ANOVA)"
260,3155531,Leffell et al.,1985,Single hospital or clinic,N,Y,US,North America,60,30,AD,NR,NR,Serum,R,1,Y,N,N,N,N,ANOVA
261,24405824,Fukasawa et al.,2014,Single hospital or clinic,N,Y,US,North America,74,49,AD,NR,NR,Plasma,R,1,N,N,N,Y,N,"Student’s T test, the Chi-sq-test, analysis of covariance (ANCOVA) and Spearman’s rank correlation test."
262,18367253,Bermejo et al.,2008,Single hospital or clinic,N,Y,Spain,Europe,73,45,AD,NR,NINCDS-ADRDA,Plasma,R,3,Y,N,N,N,N,Duncan’s test
263,NIP3,Kim et al.,2015,Single hospital or clinic,N,Y,Korea,Asia,80,56,AD,NR,NINCDS-ADRDA,Serum,R,4,N,N,N,N,Y,ANOVA
264,29966192,Bartos et al.,2018,Single hospital or clinic,N,Y,Czech Republic,Europe,100,49,AD,NR,NIA-AA,Serum,R,4,Y,N,N,N,N,"Mann-Whitney U test
Wilcoxon pair test"
265,8164471,Cacabelos et al.,1994,Single hospital or clinic,N,Y,Spain,Europe,26,14,AD,NR,NINCDS-ADRDA and DSM-III-R,Serum,R,1,Y,N,N,N,N,ANOVA； student T test
266,8780841,Lawlor et al.,1996,Single hospital or clinic,N,Y,Ireland,Europe,32,17,AD,NR,NINCDS-ADRDA,Plasma and serum,R,2,N,N,N,N,Y,ANOVA
267,9370085,Licastro et al.,1997,Single hospital or clinic,N,Y,Italy,Europe,30,20,AD,NR,DSM-III-R and NINCDS-ADRDA,Serum,R,2,N,N,N,N,Y,two-tailed Student’s T test
268,10504008,Maes et al.,1999,Single hospital or clinic,N,Y,Belgium,Europe,30,15,AD,NR,DSM-IV,Plasma and serum,R,2,Y,N,N,N,N,ANOVA and ANCOVA
269,10369114,Leblhuber et al.,1999,Single hospital or clinic,N,Y,Austria,Europe,38,24,AD,NR,NINCDS-ADRDA,Serum,R,1,N,N,N,Y,N,Mann–Whitney
270,11186601,Hull et al.,2000,Single hospital or clinic,N,Y,US,North America,89,51,AD,NR,NINCDS-ADRDA,Plasma,R,1,Y,N,N,N,N,2-tailed T tests
271,12175481,De Servi et al.,2002,Single hospital or clinic,N,Y,Italy,Europe,71,48,AD,NR,NINCDS-ADRDA,Plasma,R,1,N,N,N,N,Y,ANOVA
272,15501026,Mocali et al.,2004,Single hospital or clinic,N,Y,Italy,Europe,58,18,AD,NR,NINCDS-ADRDA,Plasma,R,1,N,N,N,N,Y,ANOVA
273,17988833,Bossu et al.,2008,Single hospital or clinic,N,Y,Italy,Europe,55,30,AD,NR,NINCDS-ADRDA,Serum,R,2,N,N,N,N,Y,ANOVA
274,19329192, Avagyan et al.,2009,Single hospital or clinic,N,Y,US,North America,61,35,AD,NR,NINCDS-ADRDA,Serum,R,1,N,N,N,N,Y,"T test,
Mann–Whitney"
275,19836632,Mancinella et al,2009,Single hospital or clinic,N,Y,Italy,Europe,133,34,AD,NR,NINCDS-ADRDA and DSM-IV,Plasma,R,1,N,N,N,N,Y,ANOVA
276,23432970,Porcellini et al.,2013,Single hospital or clinic,N,Y,Italy,Europe,439,291,AD,NR,NINCDS-ADRDA and DSM-III,Plasma,R,1,N,N,N,N,Y,ANOVA
277,25720398,Le Page et al.,2015,Single hospital or clinic,N,Y,Canada,North America,21,11,AD,NR,NINCDS-ADRDA,Plasma,NR,5,N,N,N,N,Y,ANOVA
278,26402766,Busse et al.,2015,Single hospital or clinic,N,Y,Germany,Europe,60,23,AD,NR,NR,Plasma,R,3,Y,N,N,N,N,Student’s T test or ANOVA
279,6631444,Alafuzoff et al.,1983,Single hospital or clinic,N,Y,Sweden,Europe,36,20,AD,NR,NR,Plasma,R,3,Y,N,N,N,N,NR
280,24831467,Belkhelfa et al.,2014,Single hospital or clinic,N,Y,Algeria,Africa,34,25,AD,R,NR,Plasma,R,2,N,N,N,N,Y,ANOVA
281,3522239,Alafuzoff et al.,1986,Single hospital or clinic,N,Y,Sweden,Europe,31,20,AD,R,DSM-III,Plasma,R,1,Y,N,N,N,N,NR
282,1745413,Fillit et al.,1991,Single hospital or clinic,N,Y,US,North America,33,24,AD,NR,NINCDS-ADRDA,Serum,R,1,Y,N,N,N,N,Student's test
283,22026253,Cojocaru et al. ,2011,Single hospital or clinic,N,Y,Romania,Europe,94,47,AD,NR,Slow progressive decline of intellectual function; clinical dementia rating scale> 0.5; short portable mental status questionnaire (SPMSQ) of <20; Hachinski-scale<7; and CT-scan and EEG.,Serum,R,1,N,N,N,N,Y,Student’s T test
284,26142708,Busse et al.,2015,Single hospital or clinic,N,Y,Germany,Europe,38,24,AD,NR,NR,Plasma,R,1,N,N,N,N,Y,NR
285,28386987,Kalelioglu et al.,2017,Single hospital or clinic,N,Y,Turkey,Europe & Asia,62,31,AD,NR,"DSM-IV, MMSE,Clinical Dementia Rating Scale, Geriatric Depression Scale, and Hachinski Ischemic Scale.",NR,NR,2,N,N,N,N,Y,ANOVA
286,32474469,Chen et al.,2020,Single hospital or clinic,N,Y,US,North America,36,18,AD,NR,NR,Plasma,R,2,Y,N,N,N,N,Student’s T test or ANOVA
Footnote: Stuides were ordered by total score of quality assessment.,,,,,,,,,,,,,,,,,,,,,,